"rnames","pvalue","odds.ratio","cluster"
"Amplification-3q22.1-3q22.3",7.36768866034024e-13,20.0852407805406,1
"Deletion_9p21.1",5.74210073755412e-07,10.9487531725473,1
"Deletion_9p21.3",9.65235493837956e-07,9.2638597802737,1
"Amplification-8q23.2-8q24.21",0.00120723941498802,3.99714003679624,1
"HLA-C",0.0118855408952715,0,1
"ATM",0.0150668431796255,0.366527681776548,1
"Amplification_15q21.2",0.0280234849261908,0.295882797026803,1
"Wide_peak_1p21.2-22.1",0.0679019816928181,0.495103637844896,1
"Amplification_14q32.33",0.0815266071943319,0.397348300584596,1
