"rnames","pvalue","odds.ratio","cluster"
"Deletion_6q21",1.21719945515916e-15,195.325412787401,3
"Deletion_6q25.3",2.40368692147058e-11,42.0048013475838,3
"ATM",0.000383969501983209,6.99227281419735,3
"NOTCH2",0.00276636919598829,15.8016668365152,3
"Amplification-3q22.1-3q22.3",0.0466506753857841,0.285697381814506,3
"SMARCA4",0.0767945732032104,0,3
