"rnames","pvalue","odds.ratio","cluster"
"Deletion_TP53",4.38221357314397e-08,40.6953865131015,5
"TP53",5.11031890570752e-07,27.7731273454408,5
"Deletion_13q12.11",0.00464153911122031,5.55263721025863,5
"SPEN",0.00506925731556603,9.62117691449959,5
"ATM",0.00827924947188227,0.102934686529022,5
"Amplification_14q32.33",0.011226706095288,4.60544918792001,5
"Deletion_13q14.2",0.0217482304386912,4.40333516248617,5
"Deletion_11q22.3",0.0389103213131632,0.205641479893796,5
