"rnames","pvalue","odds.ratio","cluster"
"TP53",1.11414085225576e-09,41.460598140615,3
"Deletion_TP53",4.45426911209603e-06,13.3520103551451,3
"Deletion_13q12.11",0.00439622158055402,4.67263172742666,3
"Amplification_13q31.3",0.00567717809019857,9.85675098119609,3
"Deletion_13q14.2",0.0091368841088205,4.46161089830401,3
"Wide_peak_1p21.2-22.1",0.00964727833544079,0.203903868163973,3
"Deletion_9p21.1",0.029868446494466,3.53554305491477,3
"RAD50",0.0838988444781747,3.89538820780027,3
